<hibernate-configuration>

	<session-factory>

		<!-- JDBC Database connection settings -->
		<property name="connection.driver_class">com.mysql.cj.jdbc.Driver</property>
		<property name="connection.url">jdbc:mysql://localhost:3306/musica</property>
		<property name="connection.username">Musico</property>
		<property name="connection.password">MusicLover2024</property>

		<!-- JDBC connection pool settings ... using built-in test pool -->
		<property name="connection.pool_size">1</property>

		<!-- Echo the SQL to stdout -->
		<property name="show_sql">true</property>

		<!-- Set the current session context -->
		<property name="current_session_context_class">thread</property>



		<!-- dbcp connection pool configuration -->
		<property name="hibernate.dbcp.initialSize">5</property>
		<property name="hibernate.dbcp.maxTotal">20</property>
		<property name="hibernate.dbcp.maxIdle">10</property>
		<property name="hibernate.dbcp.minIdle">5</property>
		<property name="hibernate.dbcp.maxWaitMillis">-1</property>

		<mapping class="ejercicio.Cantante" />

	</session-factory>

</hibernate-configuration>